И-521а;http://tipdoma.ru/series_i-521a.html
И-522а;http://tipdoma.ru/series_i-522a.html
И-700А;http://tipdoma.ru/series_i-700a.html
И-700А Ясенево;http://tipdoma.ru/series_i-700a_yasenevo.html
И-760А;http://tipdoma.ru/series_i-760a.html
И-491а;http://tipdoma.ru/series_i-491a.html
И-III-3;http://tipdoma.ru/series_i-III-3.html
КОПЭ;http://tipdoma.ru/series_kope.html
КОПЭ-М-Парус;http://tipdoma.ru/series_kope-m-parus.html
КОПЭ-Башня;http://tipdoma.ru/series_kope-bashnya.html
П-42;http://tipdoma.ru/series_p-42.html
П-43;http://tipdoma.ru/series_p-43.html
П-44;http://tipdoma.ru/series_p-44.html
П-44К;http://tipdoma.ru/series_p-44k.html
П-44М;http://tipdoma.ru/series_p-44m.html
П-44Т;http://tipdoma.ru/series_p-44t.html
П-44ТМ/25 (ТМ-25);http://tipdoma.ru/series_p-44tm_25_tm-25.html
П-55;http://tipdoma.ru/series_p-55.html
П-55М;http://tipdoma.ru/series_p-55m.html
ПД-1;http://tipdoma.ru/series_pd-1.html
ПД-3;http://tipdoma.ru/series_pd-3.html
ПД-4;http://tipdoma.ru/series_pd-4.html
1МГ-600;http://tipdoma.ru/series_1mg-600.html
IМГ-600;http://tipdoma.ru/series_1mg-600.html
1МГ-601;http://tipdoma.ru/series_1mg-601.html
IМГ-601;http://tipdoma.ru/series_1mg-601.html
1МГ-601-441;http://tipdoma.ru/series_1mg-601-441.html
IМГ-601-441;http://tipdoma.ru/series_1mg-601-441.html
1МГ-601Д;http://tipdoma.ru/series_1mg-601d.html
IМГ-601Д;http://tipdoma.ru/series_1mg-601d.html
1МГ-601Е;http://tipdoma.ru/series_1mg-601e.html
IМГ-601Е;http://tipdoma.ru/series_1mg-601e.html
1МГ-601Ж;http://tipdoma.ru/series_1mg-601j.html
IМГ-601Ж;http://tipdoma.ru/series_1mg-601j.html
II-18/12 Б;http://tipdoma.ru/series_II-18_12_b.html
II-20;http://tipdoma.ru/series_II-20.html
II-67 «Москворецкая»;http://tipdoma.ru/series_II-67_moskvoretskaya.html
II-67 Смирновская;http://tipdoma.ru/series_II-67_smirnovskaya.html
II-67 Тишинская;http://tipdoma.ru/series_II-67_tishinskaya.html
II-68-01/12-83;http://tipdoma.ru/series_II-68-01_12-83.html
II-68-01/16;http://tipdoma.ru/series_II-68-01_16.html
II-68-02/12К;http://tipdoma.ru/series_II-68-02_12k.html
II-68-02/16М;http://tipdoma.ru/series_II-68-02_16m.html
II-68-03;http://tipdoma.ru/series_II-68-03.html
II-68-04;http://tipdoma.ru/series_II-68-04.html
Башня Вулыха;http://tipdoma.ru/series_bashnya_vulyiha.html
П-3;http://tipdoma.ru/series_p-3.html
П-4;http://tipdoma.ru/series_p-4.html
П-22К;http://tipdoma.ru/series_p-22k.html
П-3М;http://tipdoma.ru/series_p-3m.html
II-28;http://tipdoma.ru/series_II-28.html
II-29;http://tipdoma.ru/series_II-29.html
II-29-Б;http://tipdoma.ru/series_II-29-b.html
П-30;http://tipdoma.ru/series_p-30.html
II-49;http://tipdoma.ru/series_II-49.html
II-57;http://tipdoma.ru/series_II-57.html
И-155;http://tipdoma.ru/series_i-155.html
И-155MK;http://tipdoma.ru/series_i-155MK.html
И-155MМ;http://tipdoma.ru/series_i-155Mm.html
И-155Н;http://tipdoma.ru/series_i-155n.html
И-155-Б;http://tipdoma.ru/series_i-155-b.html
И-209а;http://tipdoma.ru/series_i-209a.html
1605-АМ/5;http://tipdoma.ru/series_1605-am_5.html
I605-АМ/5;http://tipdoma.ru/series_1605-am_5.html
1605-АМ/9,1605-АМ/12;http://tipdoma.ru/series_1605-am_91605-am_12.html
I605-АМ/9,1605-АМ/12;http://tipdoma.ru/series_1605-am_91605-am_12.html
П-46;http://tipdoma.ru/series_p-46.html
П-46М;http://tipdoma.ru/series_p-46m.html
П-47;http://tipdoma.ru/series_p-47.html
П-111М;http://tipdoma.ru/series_p-111m.html
Бекерон;http://tipdoma.ru/series_bekeron.html
ГМС-1 (ГМС-2001);http://tipdoma.ru/series_gms-1_gms-2001.html
ГМС-3;http://tipdoma.ru/series_gms-3.html
ЕвроПа;http://tipdoma.ru/series_evropa.html
II-01;http://tipdoma.ru/series_II-01.html
II-02;http://tipdoma.ru/series_II-02.html
II-03;http://tipdoma.ru/series_II-03.html
II-04;http://tipdoma.ru/series_II-04.html
II-05;http://tipdoma.ru/series_II-05.html
II-08;http://tipdoma.ru/series_II-08.html
II-14;http://tipdoma.ru/series_II-14.html
СМ-1;http://tipdoma.ru/series_sm-1.html
СМ-3, СМ-6;http://tipdoma.ru/series_sm-3_sm-6.html
1МГ-300;http://tipdoma.ru/series_1mg-300.html
IМГ-300;http://tipdoma.ru/series_1mg-300.html
К-7;http://tipdoma.ru/series_k-7.html
II-18-01/08Б,II-18-01/09Б;http://tipdoma.ru/series_II-18-01_08_b_II-18-01_09_b.html
II-18-01/08МИК,09МИК;http://tipdoma.ru/series_II-18-01_08_mik_II-18-01_09_mik.html
1-335;http://tipdoma.ru/series_1-335.html
I-335;http://tipdoma.ru/series_1-335.html
1-410;http://tipdoma.ru/series_1-410.html
I-410;http://tipdoma.ru/series_1-410.html
1-447;http://tipdoma.ru/series_1-447.html
I-447;http://tipdoma.ru/series_1-447.html
1-510;http://tipdoma.ru/series_1-510.html
I-510;http://tipdoma.ru/series_1-510.html
1-511;http://tipdoma.ru/series_1-511.html
I-511;http://tipdoma.ru/series_1-511.html
1-513;http://tipdoma.ru/series_1-513.html
I-513;http://tipdoma.ru/series_1-513.html
1-515/5;http://tipdoma.ru/series_1-515_5.html
I-515/5;http://tipdoma.ru/series_1-515_5.html
1-515/9М;http://tipdoma.ru/series_1-515_9m.html
I-515/9М;http://tipdoma.ru/series_1-515_9m.html
Колос;http://tipdoma.ru/series_kolos_i-1279_1289_1303.html
C-222;http://tipdoma.ru/series_C-222.html
C-220;http://tipdoma.ru/series_C-220.html
Юбилейный;http://tipdoma.ru/series_yubileynyiy.html
Юникон;http://tipdoma.ru/series_yunikon.html
Призма (И-1630);http://tipdoma.ru/series_prizma_i-1630.html
И-1723;http://tipdoma.ru/series_i-1723.html
И-1724;http://tipdoma.ru/series_i-1724.html
И-79-99;http://tipdoma.ru/series_i-79-99.html
ИП-46С;http://tipdoma.ru/series_ip-46s.html
И-1782;http://tipdoma.ru/series_i-1782.html
МЭС-84;http://tipdoma.ru/series_mes-84.html
БОД-1;http://tipdoma.ru/series_bod-1.html
Айсберг;http://tipdoma.ru/series_aysberg.html
И-1414;http://tipdoma.ru/series_i-1414.html
II-66;http://tipdoma.ru/series_II-66.html
Лебедь;http://tipdoma.ru/series_lebed.html
